concept_id,hi_absolute,hi_critical,hi_normal,low_absolute,low_critical,low_normal,units,precise,display_precision

9,NULL,NULL,NULL,NULL,NULL,NULL,NULL,0,NULL

21,NULL,NULL,17.8,NULL,7,10.4,'g/dL',1,NULL

301,NULL,NULL,NULL,NULL,NULL,NULL,NULL,0,NULL

579,NULL,NULL,NULL,NULL,NULL,NULL,'cm',0,NULL

648,NULL,NULL,NULL,NULL,NULL,NULL,NULL,0,NULL

649,NULL,NULL,NULL,NULL,NULL,NULL,NULL,0,NULL

650,NULL,NULL,NULL,NULL,NULL,NULL,NULL,0,NULL

651,NULL,NULL,NULL,NULL,NULL,NULL,NULL,0,NULL

653,NULL,NULL,45,NULL,NULL,25,'IU/L',0,NULL

654,NULL,NULL,35,NULL,NULL,0,'IU/L',1,NULL

655,NULL,NULL,NULL,NULL,NULL,NULL,'?mol/L',0,NULL

677,NULL,NULL,NULL,NULL,NULL,NULL,'',0,NULL

678,NULL,NULL,8.2,NULL,1.4,2.9,'10^3/?L',1,NULL

679,NULL,NULL,6.1,NULL,2.3,4,'10^6/?L',1,NULL

680,NULL,NULL,NULL,NULL,NULL,NULL,NULL,0,NULL

681,NULL,NULL,NULL,NULL,NULL,NULL,NULL,0,NULL

682,NULL,NULL,NULL,NULL,NULL,NULL,'',0,NULL

717,NULL,NULL,NULL,NULL,NULL,NULL,'g/dL',0,NULL

729,NULL,NULL,419,NULL,49,134,'10^3/?L',0,NULL

730,NULL,NULL,NULL,NULL,NULL,NULL,'%',0,NULL

785,NULL,541,270,NULL,NULL,0,'U/L',0,NULL

790,NULL,NULL,NULL,NULL,NULL,NULL,'?mol/L',1,NULL

848,NULL,NULL,5.4,NULL,NULL,2.8,'g/dL',1,NULL

849,NULL,NULL,NULL,NULL,NULL,NULL,'',0,NULL

850,NULL,NULL,NULL,NULL,NULL,NULL,NULL,0,NULL

851,NULL,NULL,100,NULL,NULL,80,'fL',0,NULL

853,NULL,NULL,NULL,NULL,NULL,NULL,'cells/?L',0,NULL

854,NULL,NULL,NULL,NULL,NULL,NULL,'',0,NULL

855,NULL,NULL,30,NULL,NULL,0,'mm/hr',0,NULL

856,NULL,NULL,NULL,NULL,NULL,NULL,'copies/ml',0,NULL

857,NULL,NULL,NULL,NULL,NULL,NULL,'mmol/L',1,NULL

887,NULL,NULL,NULL,NULL,NULL,NULL,'mg/dl',0,NULL

952,NULL,NULL,NULL,NULL,NULL,NULL,'10^3/?L',0,NULL

980,NULL,NULL,NULL,NULL,NULL,NULL,'',1,NULL

1006,NULL,NULL,5.17,NULL,NULL,NULL,'mmol/L',1,NULL

1007,NULL,NULL,NULL,NULL,NULL,0.91,'mmol/L',1,NULL

1008,NULL,NULL,2.59,NULL,NULL,NULL,'mmol/L',1,NULL

1009,NULL,NULL,2.26,NULL,NULL,NULL,'mmol/L',1,NULL

1011,NULL,NULL,174,NULL,NULL,26,'IU/L',0,NULL

1012,NULL,NULL,NULL,NULL,NULL,NULL,'mmol/L',0,NULL

1013,NULL,NULL,NULL,NULL,NULL,NULL,'IU/L',0,NULL

1014,NULL,NULL,NULL,NULL,NULL,NULL,'IU/L',0,NULL

1015,NULL,NULL,51.9,NULL,21,32.3,'%',1,NULL

1016,NULL,NULL,20,NULL,NULL,10,'%',1,NULL

1017,NULL,NULL,37,NULL,NULL,33,'g/dL',1,NULL

1018,NULL,NULL,34,NULL,NULL,26,'pg',1,NULL

1020,NULL,NULL,NULL,NULL,NULL,NULL,'%',0,NULL

1021,NULL,NULL,NULL,NULL,NULL,NULL,'%',0,NULL

1022,NULL,NULL,NULL,NULL,NULL,NULL,'%',0,NULL

1023,NULL,NULL,NULL,NULL,NULL,NULL,'%',0,NULL

1024,NULL,NULL,NULL,NULL,NULL,NULL,'%',0,NULL

1025,NULL,NULL,NULL,NULL,NULL,NULL,'%',0,NULL

1027,NULL,NULL,NULL,NULL,NULL,NULL,'%',0,NULL

1028,NULL,NULL,NULL,NULL,NULL,NULL,'cells/?L',0,NULL

1033,NULL,NULL,NULL,NULL,NULL,NULL,'OD',0,NULL

1035,NULL,NULL,NULL,NULL,NULL,NULL,'index',0,NULL

1037,NULL,NULL,NULL,NULL,NULL,NULL,'S/CO',0,NULL

1041,NULL,NULL,NULL,NULL,NULL,NULL,'OD',0,NULL

1045,NULL,NULL,NULL,NULL,NULL,NULL,'bands',0,NULL

1053,NULL,NULL,NULL,NULL,NULL,NULL,'#children',0,NULL

1089,NULL,NULL,NULL,NULL,NULL,NULL,NULL,0,NULL

1132,NULL,156,151,NULL,123,142,'mmol/L',0,NULL

1133,NULL,6.6,5.6,NULL,2.4,4,'mmol/L',1,NULL

1134,NULL,NULL,107,NULL,NULL,96,'mmol/L',0,NULL

1135,NULL,NULL,27,NULL,NULL,22,'mmol/L',0,NULL

1186,NULL,NULL,NULL,NULL,NULL,NULL,'#weeks',0,NULL

1196,NULL,NULL,NULL,NULL,NULL,NULL,'#doses',0,NULL

1279,44,NULL,NULL,0,NULL,NULL,'weeks',0,NULL

1297,NULL,NULL,NULL,NULL,NULL,NULL,'?mol/L',0,NULL

1298,NULL,NULL,NULL,NULL,NULL,NULL,'mmol/L',0,NULL

1299,NULL,NULL,200,NULL,NULL,28,'IU/L',0,NULL

1307,NULL,NULL,10.4,NULL,NULL,7.4,'fL',1,NULL

1308,NULL,NULL,0.5,NULL,NULL,0.2,'%',1,NULL

1309,NULL,NULL,18,NULL,NULL,8,'%',1,NULL

1310,NULL,NULL,NULL,NULL,NULL,NULL,'%',0,NULL

1318,NULL,NULL,NULL,NULL,NULL,NULL,'CUT-OFFOD',0,NULL

1319,NULL,NULL,NULL,NULL,NULL,NULL,'cells/?L',0,NULL

1320,NULL,NULL,NULL,NULL,NULL,NULL,'OD',0,NULL

1321,NULL,NULL,NULL,NULL,NULL,NULL,'CUT-OFFOD',0,NULL

1323,NULL,NULL,NULL,NULL,NULL,NULL,'OD',0,NULL

1324,NULL,NULL,NULL,NULL,NULL,NULL,'CUT-OFFOD',0,NULL

1327,NULL,NULL,NULL,NULL,NULL,NULL,'%',0,NULL

1328,NULL,NULL,NULL,NULL,NULL,NULL,'%',0,NULL

1329,NULL,NULL,NULL,NULL,NULL,NULL,'%',1,NULL

1330,NULL,NULL,NULL,NULL,NULL,NULL,'10^3/?L',0,NULL

1331,NULL,NULL,NULL,NULL,NULL,NULL,'10^3/?L',0,NULL

1332,NULL,NULL,NULL,NULL,NULL,NULL,'10^3/?L',0,NULL

1333,NULL,NULL,NULL,NULL,NULL,NULL,'10^3/?L',0,NULL

1334,NULL,NULL,NULL,NULL,NULL,NULL,'10^3/?L',0,NULL

1335,NULL,NULL,NULL,NULL,NULL,NULL,'10^3/?L',0,NULL

1336,NULL,NULL,NULL,NULL,NULL,NULL,'%',0,NULL

1337,NULL,NULL,NULL,NULL,NULL,NULL,'%',0,NULL

1338,NULL,NULL,NULL,NULL,NULL,NULL,'%',0,NULL

1339,NULL,NULL,NULL,NULL,NULL,NULL,'%',0,NULL

1340,NULL,NULL,NULL,NULL,NULL,NULL,'%',0,NULL

1341,NULL,NULL,NULL,NULL,NULL,NULL,'%',0,NULL

1342,100,NULL,NULL,0,NULL,NULL,'kg/m2',1,NULL

1343,NULL,NULL,NULL,NULL,NULL,NULL,'mm',0,NULL

5001,NULL,NULL,NULL,NULL,NULL,NULL,NULL,0,NULL

5003,NULL,NULL,NULL,NULL,NULL,NULL,NULL,0,NULL

5004,NULL,NULL,NULL,NULL,NULL,NULL,NULL,0,NULL

5005,NULL,NULL,NULL,NULL,NULL,NULL,NULL,0,NULL

5053,NULL,NULL,NULL,NULL,NULL,NULL,NULL,0,NULL

5054,NULL,NULL,NULL,NULL,NULL,NULL,NULL,0,NULL

5064,NULL,NULL,NULL,NULL,NULL,NULL,NULL,0,NULL

5085,250,NULL,NULL,0,NULL,NULL,'mmHg',0,NULL

5086,150,NULL,NULL,0,NULL,NULL,'mmHg',0,NULL

5087,230,NULL,NULL,0,NULL,NULL,'rate/min',0,NULL

5088,43,NULL,NULL,25,NULL,NULL,'DEGC',1,NULL

5089,250,NULL,NULL,0,NULL,NULL,'kg',1,NULL

5090,228,NULL,NULL,10,NULL,NULL,'cm',1,NULL

5092,100,NULL,NULL,0,NULL,NULL,'%',0,NULL

5093,NULL,NULL,NULL,NULL,NULL,NULL,NULL,0,NULL

5094,NULL,NULL,NULL,NULL,NULL,NULL,NULL,0,NULL

5095,NULL,NULL,NULL,NULL,NULL,NULL,NULL,0,NULL

5153,NULL,NULL,NULL,NULL,NULL,NULL,'cm',0,NULL

5195,NULL,NULL,NULL,NULL,NULL,NULL,'cm',0,NULL

5220,NULL,NULL,NULL,NULL,NULL,NULL,NULL,0,NULL

5221,NULL,NULL,NULL,NULL,NULL,NULL,NULL,0,NULL

5223,NULL,NULL,NULL,NULL,NULL,NULL,NULL,0,NULL

5242,NULL,NULL,NULL,NULL,NULL,NULL,NULL,0,NULL

5268,NULL,NULL,NULL,NULL,NULL,NULL,NULL,0,NULL

5270,NULL,NULL,NULL,NULL,NULL,NULL,NULL,0,NULL

5281,NULL,NULL,NULL,NULL,NULL,NULL,NULL,0,NULL

5283,NULL,NULL,NULL,NULL,NULL,NULL,'%',0,NULL

5284,NULL,NULL,NULL,NULL,NULL,NULL,NULL,0,NULL

5285,NULL,NULL,NULL,NULL,NULL,NULL,NULL,0,NULL

5286,NULL,NULL,NULL,NULL,NULL,NULL,NULL,0,NULL

5287,NULL,NULL,NULL,NULL,NULL,NULL,NULL,0,NULL

5288,NULL,NULL,NULL,NULL,NULL,NULL,NULL,0,NULL

5289,NULL,NULL,NULL,NULL,NULL,NULL,NULL,0,NULL

5290,NULL,NULL,NULL,NULL,NULL,NULL,NULL,0,NULL

5291,NULL,NULL,NULL,NULL,NULL,NULL,NULL,0,NULL

5292,NULL,NULL,NULL,NULL,NULL,NULL,NULL,0,NULL

5293,NULL,NULL,NULL,NULL,NULL,NULL,NULL,0,NULL

5294,NULL,NULL,NULL,NULL,NULL,NULL,NULL,0,NULL

5295,NULL,NULL,NULL,NULL,NULL,NULL,NULL,0,NULL

5296,NULL,NULL,NULL,NULL,NULL,NULL,NULL,0,NULL

5297,NULL,NULL,NULL,NULL,NULL,NULL,NULL,0,NULL

5298,NULL,NULL,NULL,NULL,NULL,NULL,NULL,0,NULL

5299,NULL,NULL,NULL,NULL,NULL,NULL,NULL,0,NULL

5300,NULL,NULL,NULL,NULL,NULL,NULL,NULL,0,NULL

5301,NULL,NULL,NULL,NULL,NULL,NULL,NULL,0,NULL

5302,NULL,NULL,NULL,NULL,NULL,NULL,NULL,0,NULL

5304,NULL,NULL,NULL,NULL,NULL,NULL,NULL,0,NULL

5305,NULL,NULL,NULL,NULL,NULL,NULL,NULL,0,NULL

5306,NULL,NULL,NULL,NULL,NULL,NULL,NULL,0,NULL

5307,NULL,NULL,NULL,NULL,NULL,NULL,NULL,0,NULL

5308,NULL,NULL,NULL,NULL,NULL,NULL,NULL,0,NULL

5309,NULL,NULL,NULL,NULL,NULL,NULL,NULL,0,NULL

5311,NULL,NULL,NULL,NULL,NULL,NULL,'TannerStage',0,NULL

5314,NULL,NULL,NULL,NULL,NULL,NULL,'cm',1,NULL

5315,NULL,NULL,NULL,NULL,NULL,NULL,NULL,0,NULL

5316,NULL,NULL,NULL,NULL,NULL,NULL,NULL,0,NULL

5317,NULL,NULL,NULL,NULL,NULL,NULL,NULL,0,NULL

5318,NULL,NULL,NULL,NULL,NULL,NULL,NULL,0,NULL

5322,NULL,NULL,NULL,NULL,NULL,NULL,NULL,0,NULL

5323,NULL,NULL,NULL,NULL,NULL,NULL,NULL,0,NULL

5324,NULL,NULL,NULL,NULL,NULL,NULL,NULL,0,NULL

5325,NULL,NULL,NULL,NULL,NULL,NULL,NULL,0,NULL

5326,NULL,NULL,NULL,NULL,NULL,NULL,NULL,0,NULL

5352,NULL,NULL,NULL,NULL,NULL,NULL,NULL,0,NULL

5355,NULL,NULL,NULL,NULL,NULL,NULL,NULL,0,NULL

5357,NULL,NULL,NULL,NULL,NULL,NULL,NULL,0,NULL

5358,NULL,NULL,NULL,NULL,NULL,NULL,NULL,0,NULL

5359,NULL,NULL,NULL,NULL,NULL,NULL,'',0,NULL

5360,NULL,NULL,NULL,NULL,NULL,NULL,NULL,0,NULL

5361,NULL,NULL,NULL,NULL,NULL,NULL,NULL,0,NULL

5362,NULL,NULL,NULL,NULL,NULL,NULL,NULL,0,NULL

5363,NULL,NULL,NULL,NULL,NULL,NULL,NULL,0,NULL

5364,NULL,NULL,NULL,NULL,NULL,NULL,NULL,0,NULL

5365,NULL,NULL,NULL,NULL,NULL,NULL,NULL,0,NULL

5366,NULL,NULL,NULL,NULL,NULL,NULL,NULL,0,NULL

5367,NULL,NULL,NULL,NULL,NULL,NULL,NULL,0,NULL

5368,NULL,NULL,NULL,NULL,NULL,NULL,NULL,0,NULL

5369,NULL,NULL,NULL,NULL,NULL,NULL,NULL,0,NULL

5370,NULL,NULL,NULL,NULL,NULL,NULL,NULL,0,NULL

5371,NULL,NULL,NULL,NULL,NULL,NULL,NULL,0,NULL

5372,NULL,NULL,NULL,NULL,NULL,NULL,NULL,0,NULL

5373,NULL,NULL,NULL,NULL,NULL,NULL,NULL,0,NULL

5374,NULL,NULL,NULL,NULL,NULL,NULL,NULL,0,NULL

5375,NULL,NULL,NULL,NULL,NULL,NULL,NULL,0,NULL

5376,NULL,NULL,NULL,NULL,NULL,NULL,NULL,0,NULL

5377,NULL,NULL,NULL,NULL,NULL,NULL,NULL,0,NULL

5378,NULL,NULL,NULL,NULL,NULL,NULL,NULL,0,NULL

5379,NULL,NULL,NULL,NULL,NULL,NULL,NULL,0,NULL

5380,NULL,NULL,NULL,NULL,NULL,NULL,NULL,0,NULL

5381,NULL,NULL,NULL,NULL,NULL,NULL,NULL,0,NULL

5382,NULL,NULL,NULL,NULL,NULL,NULL,NULL,0,NULL

5383,NULL,NULL,NULL,NULL,NULL,NULL,NULL,0,NULL

5384,NULL,NULL,NULL,NULL,NULL,NULL,NULL,0,NULL

5385,NULL,NULL,NULL,NULL,NULL,NULL,NULL,0,NULL

5386,NULL,NULL,NULL,NULL,NULL,NULL,NULL,0,NULL

5387,NULL,NULL,NULL,NULL,NULL,NULL,NULL,0,NULL

5388,NULL,NULL,NULL,NULL,NULL,NULL,NULL,0,NULL

5389,NULL,NULL,NULL,NULL,NULL,NULL,NULL,0,NULL

5390,NULL,NULL,NULL,NULL,NULL,NULL,NULL,0,NULL

5391,NULL,NULL,NULL,NULL,NULL,NULL,NULL,0,NULL

5392,NULL,NULL,NULL,NULL,NULL,NULL,NULL,0,NULL

5393,NULL,NULL,NULL,NULL,NULL,NULL,NULL,0,NULL

5394,NULL,NULL,NULL,NULL,NULL,NULL,NULL,0,NULL

5395,NULL,NULL,NULL,NULL,NULL,NULL,NULL,0,NULL

5396,NULL,NULL,NULL,NULL,NULL,NULL,NULL,0,NULL

5397,NULL,NULL,NULL,NULL,NULL,NULL,NULL,0,NULL

5398,NULL,NULL,NULL,NULL,NULL,NULL,NULL,0,NULL

5399,NULL,NULL,NULL,NULL,NULL,NULL,NULL,0,NULL

5400,NULL,NULL,NULL,NULL,NULL,NULL,NULL,0,NULL

5401,NULL,NULL,NULL,NULL,NULL,NULL,NULL,0,NULL

5402,NULL,NULL,NULL,NULL,NULL,NULL,NULL,0,NULL

5403,NULL,NULL,NULL,NULL,NULL,NULL,NULL,0,NULL

5404,NULL,NULL,NULL,NULL,NULL,NULL,NULL,0,NULL

5405,NULL,NULL,NULL,NULL,NULL,NULL,NULL,0,NULL

5406,NULL,NULL,NULL,NULL,NULL,NULL,NULL,0,NULL

5407,NULL,NULL,NULL,NULL,NULL,NULL,NULL,0,NULL

5408,NULL,NULL,NULL,NULL,NULL,NULL,NULL,0,NULL

5409,NULL,NULL,NULL,NULL,NULL,NULL,NULL,0,NULL

5410,NULL,NULL,NULL,NULL,NULL,NULL,NULL,0,NULL

5411,NULL,NULL,NULL,NULL,NULL,NULL,NULL,0,NULL

5412,NULL,NULL,NULL,NULL,NULL,NULL,NULL,0,NULL

5413,NULL,NULL,NULL,NULL,NULL,NULL,NULL,0,NULL

5414,NULL,NULL,NULL,NULL,NULL,NULL,NULL,0,NULL

5415,NULL,NULL,NULL,NULL,NULL,NULL,NULL,0,NULL

5416,NULL,NULL,NULL,NULL,NULL,NULL,NULL,0,NULL

5417,NULL,NULL,NULL,NULL,NULL,NULL,NULL,0,NULL

5418,NULL,NULL,NULL,NULL,NULL,NULL,NULL,0,NULL

5419,NULL,NULL,NULL,NULL,NULL,NULL,NULL,0,NULL

5420,NULL,NULL,NULL,NULL,NULL,NULL,NULL,0,NULL

5421,NULL,NULL,NULL,NULL,NULL,NULL,NULL,0,NULL

5422,NULL,NULL,NULL,NULL,NULL,NULL,NULL,0,NULL

5423,NULL,NULL,NULL,NULL,NULL,NULL,NULL,0,NULL

5425,NULL,NULL,NULL,NULL,NULL,NULL,NULL,0,NULL

5426,NULL,NULL,NULL,NULL,NULL,NULL,NULL,0,NULL

5427,NULL,NULL,NULL,NULL,NULL,NULL,NULL,0,NULL

5428,NULL,NULL,NULL,NULL,NULL,NULL,NULL,0,NULL

5429,NULL,NULL,NULL,NULL,NULL,NULL,NULL,0,NULL

5430,NULL,NULL,NULL,NULL,NULL,NULL,NULL,0,NULL

5431,NULL,NULL,NULL,NULL,NULL,NULL,NULL,0,NULL

5432,NULL,NULL,NULL,NULL,NULL,NULL,NULL,0,NULL

5433,NULL,NULL,NULL,NULL,NULL,NULL,NULL,0,NULL

5434,NULL,NULL,NULL,NULL,NULL,NULL,NULL,0,NULL

5435,NULL,NULL,NULL,NULL,NULL,NULL,NULL,0,NULL

5436,NULL,NULL,NULL,NULL,NULL,NULL,NULL,0,NULL

5437,NULL,NULL,NULL,NULL,NULL,NULL,NULL,0,NULL

5438,NULL,NULL,NULL,NULL,NULL,NULL,NULL,0,NULL

5439,NULL,NULL,NULL,NULL,NULL,NULL,NULL,0,NULL

5440,NULL,NULL,NULL,NULL,NULL,NULL,NULL,0,NULL

5441,NULL,NULL,NULL,NULL,NULL,NULL,NULL,0,NULL

5442,NULL,NULL,NULL,NULL,NULL,NULL,NULL,0,NULL

5443,NULL,NULL,NULL,NULL,NULL,NULL,NULL,0,NULL

5444,NULL,NULL,NULL,NULL,NULL,NULL,NULL,0,NULL

5445,NULL,NULL,NULL,NULL,NULL,NULL,NULL,0,NULL

5446,NULL,NULL,NULL,NULL,NULL,NULL,NULL,0,NULL

5447,NULL,NULL,NULL,NULL,NULL,NULL,NULL,0,NULL

5448,NULL,NULL,NULL,NULL,NULL,NULL,NULL,0,NULL

5449,NULL,NULL,NULL,NULL,NULL,NULL,NULL,0,NULL

5450,NULL,NULL,NULL,NULL,NULL,NULL,NULL,0,NULL

5451,NULL,NULL,NULL,NULL,NULL,NULL,NULL,0,NULL

5452,NULL,NULL,NULL,NULL,NULL,NULL,NULL,0,NULL

5453,NULL,NULL,NULL,NULL,NULL,NULL,NULL,0,NULL

5454,NULL,NULL,NULL,NULL,NULL,NULL,NULL,0,NULL

5455,NULL,NULL,NULL,NULL,NULL,NULL,NULL,0,NULL

5456,NULL,NULL,NULL,NULL,NULL,NULL,NULL,0,NULL

5457,NULL,NULL,NULL,NULL,NULL,NULL,NULL,0,NULL

5458,NULL,NULL,NULL,NULL,NULL,NULL,NULL,0,NULL

5459,NULL,NULL,NULL,NULL,NULL,NULL,NULL,0,NULL

5460,NULL,NULL,NULL,NULL,NULL,NULL,NULL,0,NULL

5461,NULL,NULL,NULL,NULL,NULL,NULL,NULL,0,NULL

5462,NULL,NULL,NULL,NULL,NULL,NULL,NULL,0,NULL

5463,NULL,NULL,NULL,NULL,NULL,NULL,NULL,0,NULL

5464,NULL,NULL,NULL,NULL,NULL,NULL,NULL,0,NULL

5465,NULL,NULL,NULL,NULL,NULL,NULL,NULL,0,NULL

5466,NULL,NULL,NULL,NULL,NULL,NULL,NULL,0,NULL

5467,NULL,NULL,NULL,NULL,NULL,NULL,NULL,0,NULL

5468,NULL,NULL,NULL,NULL,NULL,NULL,NULL,0,NULL

5469,NULL,NULL,NULL,NULL,NULL,NULL,NULL,0,NULL

5470,NULL,NULL,NULL,NULL,NULL,NULL,NULL,0,NULL

5471,NULL,NULL,NULL,NULL,NULL,NULL,NULL,0,NULL

5472,NULL,NULL,NULL,NULL,NULL,NULL,NULL,0,NULL

5474,NULL,NULL,NULL,NULL,NULL,NULL,NULL,0,NULL

5475,NULL,NULL,NULL,NULL,NULL,NULL,NULL,0,NULL

5476,NULL,NULL,NULL,NULL,NULL,NULL,NULL,0,NULL

5477,NULL,NULL,NULL,NULL,NULL,NULL,NULL,0,NULL

5478,NULL,NULL,NULL,NULL,NULL,NULL,NULL,0,NULL

5479,NULL,NULL,NULL,NULL,NULL,NULL,NULL,0,NULL

5480,NULL,NULL,NULL,NULL,NULL,NULL,NULL,0,NULL

5481,NULL,NULL,NULL,NULL,NULL,NULL,NULL,0,NULL

5482,NULL,NULL,NULL,NULL,NULL,NULL,NULL,0,NULL

5483,NULL,NULL,NULL,NULL,NULL,NULL,'',0,NULL

5484,NULL,NULL,NULL,NULL,NULL,NULL,'',0,NULL

5486,NULL,NULL,NULL,NULL,NULL,NULL,'',0,NULL

5487,NULL,NULL,NULL,NULL,NULL,NULL,'',0,NULL

5488,NULL,NULL,NULL,NULL,NULL,NULL,'',0,NULL

5489,NULL,NULL,NULL,NULL,NULL,NULL,'',0,NULL

5490,NULL,NULL,NULL,NULL,NULL,NULL,'',0,NULL

5491,NULL,NULL,NULL,NULL,NULL,NULL,NULL,0,NULL

5492,NULL,NULL,NULL,NULL,NULL,NULL,NULL,0,NULL

5493,NULL,NULL,NULL,NULL,NULL,NULL,NULL,0,NULL

5494,NULL,NULL,NULL,NULL,NULL,NULL,NULL,0,NULL

5495,NULL,NULL,NULL,NULL,NULL,NULL,NULL,0,NULL

5496,NULL,NULL,NULL,NULL,NULL,NULL,NULL,0,NULL

5497,NULL,NULL,1497,NULL,99,445,'cells/?L',0,NULL

5500,NULL,NULL,NULL,NULL,NULL,NULL,NULL,0,NULL

5501,NULL,NULL,NULL,NULL,NULL,NULL,NULL,0,NULL

5502,NULL,NULL,NULL,NULL,NULL,NULL,NULL,0,NULL

5503,NULL,NULL,NULL,NULL,NULL,NULL,NULL,0,NULL

5504,NULL,NULL,NULL,NULL,NULL,NULL,NULL,0,NULL

5505,NULL,NULL,NULL,NULL,NULL,NULL,NULL,0,NULL

5506,NULL,NULL,NULL,NULL,NULL,NULL,NULL,0,NULL

5507,NULL,NULL,NULL,NULL,NULL,NULL,NULL,0,NULL

5508,NULL,NULL,NULL,NULL,NULL,NULL,NULL,0,NULL

5509,NULL,NULL,NULL,NULL,NULL,NULL,NULL,0,NULL

5510,NULL,NULL,NULL,NULL,NULL,NULL,NULL,0,NULL

5511,NULL,NULL,NULL,NULL,NULL,NULL,NULL,0,NULL

5512,NULL,NULL,NULL,NULL,NULL,NULL,NULL,0,NULL

5513,NULL,NULL,NULL,NULL,NULL,NULL,NULL,0,NULL

5514,NULL,NULL,NULL,NULL,NULL,NULL,NULL,0,NULL

5515,NULL,NULL,NULL,NULL,NULL,NULL,NULL,0,NULL

5516,NULL,NULL,NULL,NULL,NULL,NULL,NULL,0,NULL

5517,NULL,NULL,NULL,NULL,NULL,NULL,NULL,0,NULL

5518,NULL,NULL,NULL,NULL,NULL,NULL,NULL,0,NULL

5519,NULL,NULL,NULL,NULL,NULL,NULL,NULL,0,NULL

5520,NULL,NULL,NULL,NULL,NULL,NULL,NULL,0,NULL

5521,NULL,NULL,NULL,NULL,NULL,NULL,NULL,0,NULL

5522,NULL,NULL,NULL,NULL,NULL,NULL,NULL,0,NULL

5523,NULL,NULL,NULL,NULL,NULL,NULL,NULL,0,NULL

5524,NULL,NULL,NULL,NULL,NULL,NULL,NULL,0,NULL

5525,NULL,NULL,NULL,NULL,NULL,NULL,NULL,0,NULL

5527,NULL,NULL,NULL,NULL,NULL,NULL,NULL,0,NULL

5528,NULL,NULL,NULL,NULL,NULL,NULL,NULL,0,NULL

5529,NULL,NULL,NULL,NULL,NULL,NULL,NULL,0,NULL

5530,NULL,NULL,NULL,NULL,NULL,NULL,NULL,0,NULL

5531,NULL,NULL,NULL,NULL,NULL,NULL,NULL,0,NULL

5532,NULL,NULL,NULL,NULL,NULL,NULL,NULL,0,NULL

5533,NULL,NULL,NULL,NULL,NULL,NULL,NULL,0,NULL

5534,NULL,NULL,NULL,NULL,NULL,NULL,NULL,0,NULL

5535,NULL,NULL,NULL,NULL,NULL,NULL,NULL,0,NULL

5536,NULL,NULL,NULL,NULL,NULL,NULL,NULL,0,NULL

5537,NULL,NULL,NULL,NULL,NULL,NULL,NULL,0,NULL

5538,NULL,NULL,NULL,NULL,NULL,NULL,NULL,0,NULL

5539,NULL,NULL,NULL,NULL,NULL,NULL,NULL,0,NULL

5540,NULL,NULL,NULL,NULL,NULL,NULL,NULL,0,NULL

5541,NULL,NULL,NULL,NULL,NULL,NULL,NULL,0,NULL

5545,NULL,NULL,NULL,NULL,NULL,NULL,NULL,0,NULL

5546,NULL,NULL,NULL,NULL,NULL,NULL,NULL,0,NULL

5547,NULL,NULL,NULL,NULL,NULL,NULL,NULL,0,NULL

5549,NULL,NULL,NULL,NULL,NULL,NULL,NULL,0,NULL

5551,NULL,NULL,NULL,NULL,NULL,NULL,NULL,0,NULL

5552,NULL,NULL,NULL,NULL,NULL,NULL,NULL,0,NULL

5553,NULL,NULL,NULL,NULL,NULL,NULL,NULL,0,NULL

5554,NULL,NULL,NULL,NULL,NULL,NULL,NULL,0,NULL

5556,NULL,NULL,NULL,NULL,NULL,NULL,NULL,0,NULL

5557,NULL,NULL,NULL,NULL,NULL,NULL,'#wives',0,NULL

5558,NULL,NULL,NULL,NULL,NULL,NULL,'#children',0,NULL

5559,NULL,NULL,NULL,NULL,NULL,NULL,NULL,0,NULL

5560,NULL,NULL,NULL,NULL,NULL,NULL,NULL,0,NULL

5561,NULL,NULL,NULL,NULL,NULL,NULL,NULL,0,NULL

5562,NULL,NULL,NULL,NULL,NULL,NULL,NULL,0,NULL

5565,NULL,NULL,NULL,NULL,NULL,NULL,NULL,0,NULL

5570,NULL,NULL,NULL,NULL,NULL,NULL,NULL,0,NULL

5572,NULL,NULL,NULL,NULL,NULL,NULL,NULL,0,NULL

5573,NULL,NULL,NULL,NULL,NULL,NULL,NULL,0,NULL

5574,NULL,NULL,NULL,NULL,NULL,NULL,'years',0,NULL

5575,NULL,NULL,NULL,NULL,NULL,NULL,'years',0,NULL

5576,NULL,NULL,NULL,NULL,NULL,NULL,NULL,0,NULL

5579,NULL,NULL,NULL,NULL,NULL,NULL,NULL,0,NULL

5580,NULL,NULL,NULL,NULL,NULL,NULL,NULL,0,NULL

5581,NULL,NULL,NULL,NULL,NULL,NULL,NULL,0,NULL

5582,NULL,NULL,NULL,NULL,NULL,NULL,NULL,0,NULL

5583,NULL,NULL,NULL,NULL,NULL,NULL,NULL,0,NULL

5594,NULL,NULL,NULL,NULL,NULL,NULL,NULL,0,NULL

5595,NULL,NULL,NULL,NULL,NULL,NULL,NULL,0,NULL

5597,NULL,NULL,NULL,NULL,NULL,NULL,NULL,0,NULL

5598,NULL,NULL,NULL,NULL,NULL,NULL,NULL,0,NULL

5600,NULL,NULL,NULL,NULL,NULL,NULL,NULL,0,NULL

5601,NULL,NULL,NULL,NULL,NULL,NULL,NULL,0,NULL

5602,NULL,NULL,NULL,NULL,NULL,NULL,NULL,0,NULL

5603,NULL,NULL,NULL,NULL,NULL,NULL,NULL,0,NULL

5604,NULL,NULL,NULL,NULL,NULL,NULL,NULL,0,NULL

5607,NULL,NULL,NULL,NULL,NULL,NULL,'years',0,NULL

5611,NULL,NULL,NULL,NULL,NULL,NULL,'#people',0,NULL

5612,NULL,NULL,NULL,NULL,NULL,NULL,'#children',0,NULL

5613,NULL,NULL,NULL,NULL,NULL,NULL,NULL,0,NULL

5614,NULL,NULL,NULL,NULL,NULL,NULL,NULL,0,NULL

5615,NULL,NULL,NULL,NULL,NULL,NULL,NULL,0,NULL

5624,NULL,NULL,NULL,NULL,NULL,NULL,'#pregnancies',0,NULL

5625,NULL,NULL,NULL,NULL,NULL,NULL,NULL,0,NULL

5626,NULL,NULL,NULL,NULL,NULL,NULL,NULL,0,NULL

5627,NULL,NULL,NULL,NULL,NULL,NULL,NULL,0,NULL

5628,NULL,NULL,NULL,NULL,NULL,NULL,NULL,0,NULL

5629,NULL,NULL,NULL,NULL,NULL,NULL,NULL,0,NULL

5631,NULL,NULL,NULL,NULL,NULL,NULL,NULL,0,NULL

5635,NULL,NULL,NULL,NULL,NULL,NULL,NULL,0,NULL

5636,NULL,NULL,NULL,NULL,NULL,NULL,NULL,0,NULL

5637,NULL,NULL,NULL,NULL,NULL,NULL,NULL,0,NULL

5638,NULL,NULL,NULL,NULL,NULL,NULL,NULL,0,NULL

5639,NULL,NULL,NULL,NULL,NULL,NULL,NULL,0,NULL

5640,NULL,NULL,NULL,NULL,NULL,NULL,NULL,0,NULL

5641,NULL,NULL,NULL,NULL,NULL,NULL,NULL,0,NULL

5642,NULL,NULL,NULL,NULL,NULL,NULL,NULL,0,NULL

5643,NULL,NULL,NULL,NULL,NULL,NULL,NULL,0,NULL

5644,NULL,NULL,NULL,NULL,NULL,NULL,NULL,0,NULL

5645,NULL,NULL,NULL,NULL,NULL,NULL,NULL,0,NULL

5646,NULL,NULL,NULL,NULL,NULL,NULL,NULL,0,NULL

5647,NULL,NULL,NULL,NULL,NULL,NULL,NULL,0,NULL

5648,NULL,NULL,NULL,NULL,NULL,NULL,NULL,0,NULL

5649,NULL,NULL,NULL,NULL,NULL,NULL,NULL,0,NULL

5650,NULL,NULL,NULL,NULL,NULL,NULL,NULL,0,NULL

5651,NULL,NULL,NULL,NULL,NULL,NULL,NULL,0,NULL

5652,NULL,NULL,NULL,NULL,NULL,NULL,NULL,0,NULL

5653,NULL,NULL,NULL,NULL,NULL,NULL,NULL,0,NULL

5654,NULL,NULL,NULL,NULL,NULL,NULL,NULL,0,NULL

5655,NULL,NULL,NULL,NULL,NULL,NULL,NULL,0,NULL

5656,NULL,NULL,NULL,NULL,NULL,NULL,NULL,0,NULL

5657,NULL,NULL,NULL,NULL,NULL,NULL,NULL,0,NULL

5658,NULL,NULL,NULL,NULL,NULL,NULL,NULL,0,NULL

5659,NULL,NULL,NULL,NULL,NULL,NULL,NULL,0,NULL

5660,NULL,NULL,NULL,NULL,NULL,NULL,NULL,0,NULL

5661,NULL,NULL,NULL,NULL,NULL,NULL,NULL,0,NULL

5662,NULL,NULL,NULL,NULL,NULL,NULL,NULL,0,NULL

5663,NULL,NULL,NULL,NULL,NULL,NULL,NULL,0,NULL

5664,NULL,NULL,NULL,NULL,NULL,NULL,NULL,0,NULL

5666,NULL,NULL,NULL,NULL,NULL,NULL,NULL,0,NULL

5667,NULL,NULL,NULL,NULL,NULL,NULL,NULL,0,NULL

5668,NULL,NULL,NULL,NULL,NULL,NULL,NULL,0,NULL

5669,NULL,NULL,NULL,NULL,NULL,NULL,NULL,0,NULL

5670,NULL,NULL,NULL,NULL,NULL,NULL,NULL,0,NULL

5671,NULL,NULL,NULL,NULL,NULL,NULL,NULL,0,NULL

5672,NULL,NULL,NULL,NULL,NULL,NULL,NULL,0,NULL

5673,NULL,NULL,NULL,NULL,NULL,NULL,NULL,0,NULL

5674,NULL,NULL,NULL,NULL,NULL,NULL,NULL,0,NULL

5675,NULL,NULL,NULL,NULL,NULL,NULL,'#children',0,NULL

5676,NULL,NULL,NULL,NULL,NULL,NULL,'#children',0,NULL

5677,NULL,NULL,NULL,NULL,NULL,NULL,NULL,0,NULL

5678,NULL,NULL,NULL,NULL,NULL,NULL,NULL,0,NULL

5679,NULL,NULL,NULL,NULL,NULL,NULL,NULL,0,NULL

5680,NULL,NULL,NULL,NULL,NULL,NULL,NULL,0,NULL

5681,NULL,NULL,NULL,NULL,NULL,NULL,NULL,0,NULL

5682,NULL,NULL,NULL,NULL,NULL,NULL,NULL,0,NULL

5683,NULL,NULL,NULL,NULL,NULL,NULL,NULL,0,NULL

5684,NULL,NULL,NULL,NULL,NULL,NULL,NULL,0,NULL

5685,NULL,NULL,NULL,NULL,NULL,NULL,NULL,0,NULL

5686,NULL,NULL,NULL,NULL,NULL,NULL,NULL,0,NULL

5687,NULL,NULL,NULL,NULL,NULL,NULL,NULL,0,NULL

5688,NULL,NULL,NULL,NULL,NULL,NULL,NULL,0,NULL

5689,NULL,NULL,NULL,NULL,NULL,NULL,NULL,0,NULL

5690,NULL,NULL,NULL,NULL,NULL,NULL,NULL,0,NULL

5691,NULL,NULL,NULL,NULL,NULL,NULL,NULL,0,NULL

5692,NULL,NULL,NULL,NULL,NULL,NULL,NULL,0,NULL

5693,NULL,NULL,NULL,NULL,NULL,NULL,NULL,0,NULL

5694,NULL,NULL,NULL,NULL,NULL,NULL,NULL,0,NULL

5695,NULL,NULL,NULL,NULL,NULL,NULL,NULL,0,NULL

5696,NULL,NULL,NULL,NULL,NULL,NULL,NULL,0,NULL

5697,NULL,NULL,NULL,NULL,NULL,NULL,NULL,0,NULL

5698,NULL,NULL,NULL,NULL,NULL,NULL,NULL,0,NULL

5699,NULL,NULL,NULL,NULL,NULL,NULL,NULL,0,NULL

5700,NULL,NULL,NULL,NULL,NULL,NULL,NULL,0,NULL

5701,NULL,NULL,NULL,NULL,NULL,NULL,NULL,0,NULL

5702,NULL,NULL,NULL,NULL,NULL,NULL,NULL,0,NULL

5704,NULL,NULL,NULL,NULL,NULL,NULL,'#hospitalizations',0,NULL

5705,NULL,NULL,NULL,NULL,NULL,NULL,NULL,0,NULL

5707,NULL,NULL,NULL,NULL,NULL,NULL,NULL,0,NULL

5708,NULL,NULL,NULL,NULL,NULL,NULL,NULL,0,NULL

5709,NULL,NULL,NULL,NULL,NULL,NULL,NULL,0,NULL

5710,NULL,NULL,NULL,NULL,NULL,NULL,NULL,0,NULL

5711,NULL,NULL,NULL,NULL,NULL,NULL,NULL,0,NULL

5712,NULL,NULL,NULL,NULL,NULL,NULL,NULL,0,NULL

5713,NULL,NULL,NULL,NULL,NULL,NULL,NULL,0,NULL

5714,NULL,NULL,NULL,NULL,NULL,NULL,NULL,0,NULL

5715,NULL,NULL,NULL,NULL,NULL,NULL,NULL,0,NULL

5716,NULL,NULL,NULL,NULL,NULL,NULL,NULL,0,NULL

5717,NULL,NULL,NULL,NULL,NULL,NULL,NULL,0,NULL

5718,NULL,NULL,NULL,NULL,NULL,NULL,NULL,0,NULL

5719,NULL,NULL,NULL,NULL,NULL,NULL,NULL,0,NULL

5720,NULL,NULL,NULL,NULL,NULL,NULL,NULL,0,NULL

5721,NULL,NULL,NULL,NULL,NULL,NULL,NULL,0,NULL

5722,NULL,NULL,NULL,NULL,NULL,NULL,NULL,0,NULL

5723,NULL,NULL,NULL,NULL,NULL,NULL,NULL,0,NULL

5724,NULL,NULL,NULL,NULL,NULL,NULL,NULL,0,NULL

5725,NULL,NULL,NULL,NULL,NULL,NULL,NULL,0,NULL

5726,NULL,NULL,NULL,NULL,NULL,NULL,NULL,0,NULL

5727,NULL,NULL,NULL,NULL,NULL,NULL,NULL,0,NULL

5728,NULL,NULL,NULL,NULL,NULL,NULL,NULL,0,NULL

5729,NULL,NULL,NULL,NULL,NULL,NULL,NULL,0,NULL

5730,NULL,NULL,NULL,NULL,NULL,NULL,NULL,0,NULL

5731,NULL,NULL,NULL,NULL,NULL,NULL,NULL,0,NULL

5732,NULL,NULL,NULL,NULL,NULL,NULL,NULL,0,NULL

5733,NULL,NULL,NULL,NULL,NULL,NULL,NULL,0,NULL

5734,NULL,NULL,NULL,NULL,NULL,NULL,NULL,0,NULL

5735,NULL,NULL,NULL,NULL,NULL,NULL,NULL,0,NULL

5736,NULL,NULL,NULL,NULL,NULL,NULL,NULL,0,NULL

5737,NULL,NULL,NULL,NULL,NULL,NULL,NULL,0,NULL

5738,NULL,NULL,NULL,NULL,NULL,NULL,NULL,0,NULL

5739,NULL,NULL,NULL,NULL,NULL,NULL,NULL,0,NULL

5740,NULL,NULL,NULL,NULL,NULL,NULL,NULL,0,NULL

5741,NULL,NULL,NULL,NULL,NULL,NULL,NULL,0,NULL

5742,NULL,NULL,NULL,NULL,NULL,NULL,NULL,0,NULL

5743,NULL,NULL,NULL,NULL,NULL,NULL,NULL,0,NULL

5744,NULL,NULL,NULL,NULL,NULL,NULL,NULL,0,NULL

5745,NULL,NULL,NULL,NULL,NULL,NULL,NULL,0,NULL

5746,NULL,NULL,NULL,NULL,NULL,NULL,NULL,0,NULL

5747,NULL,NULL,NULL,NULL,NULL,NULL,NULL,0,NULL

5748,NULL,NULL,NULL,NULL,NULL,NULL,NULL,0,NULL

5749,NULL,NULL,NULL,NULL,NULL,NULL,NULL,0,NULL

5750,NULL,NULL,NULL,NULL,NULL,NULL,NULL,0,NULL

5751,NULL,NULL,NULL,NULL,NULL,NULL,NULL,0,NULL

5752,NULL,NULL,NULL,NULL,NULL,NULL,NULL,0,NULL

5753,NULL,NULL,NULL,NULL,NULL,NULL,NULL,0,NULL

5754,NULL,NULL,NULL,NULL,NULL,NULL,NULL,0,NULL

5755,NULL,NULL,NULL,NULL,NULL,NULL,NULL,0,NULL

5756,NULL,NULL,NULL,NULL,NULL,NULL,NULL,0,NULL

5757,NULL,NULL,NULL,NULL,NULL,NULL,NULL,0,NULL

5758,NULL,NULL,NULL,NULL,NULL,NULL,NULL,0,NULL

5759,NULL,NULL,NULL,NULL,NULL,NULL,NULL,0,NULL

5760,NULL,NULL,NULL,NULL,NULL,NULL,NULL,0,NULL

5761,NULL,NULL,NULL,NULL,NULL,NULL,NULL,0,NULL

5762,NULL,NULL,NULL,NULL,NULL,NULL,NULL,0,NULL

5763,NULL,NULL,NULL,NULL,NULL,NULL,NULL,0,NULL

5764,NULL,NULL,NULL,NULL,NULL,NULL,NULL,0,NULL

5765,NULL,NULL,NULL,NULL,NULL,NULL,NULL,0,NULL

5766,NULL,NULL,NULL,NULL,NULL,NULL,NULL,0,NULL

5767,NULL,NULL,NULL,NULL,NULL,NULL,NULL,0,NULL

5768,NULL,NULL,NULL,NULL,NULL,NULL,NULL,0,NULL

5769,NULL,NULL,NULL,NULL,NULL,NULL,NULL,0,NULL

5770,NULL,NULL,NULL,NULL,NULL,NULL,NULL,0,NULL

5771,NULL,NULL,NULL,NULL,NULL,NULL,NULL,0,NULL

5772,NULL,NULL,NULL,NULL,NULL,NULL,NULL,0,NULL

5773,NULL,NULL,NULL,NULL,NULL,NULL,NULL,0,NULL

5774,NULL,NULL,NULL,NULL,NULL,NULL,NULL,0,NULL

5775,NULL,NULL,NULL,NULL,NULL,NULL,NULL,0,NULL

5776,NULL,NULL,NULL,NULL,NULL,NULL,NULL,0,NULL

5777,NULL,NULL,NULL,NULL,NULL,NULL,NULL,0,NULL

5778,NULL,NULL,NULL,NULL,NULL,NULL,NULL,0,NULL

5779,NULL,NULL,NULL,NULL,NULL,NULL,NULL,0,NULL

5780,NULL,NULL,NULL,NULL,NULL,NULL,NULL,0,NULL

5781,NULL,NULL,NULL,NULL,NULL,NULL,NULL,0,NULL

5782,NULL,NULL,NULL,NULL,NULL,NULL,NULL,0,NULL

5783,NULL,NULL,NULL,NULL,NULL,NULL,NULL,0,NULL

5784,NULL,NULL,NULL,NULL,NULL,NULL,NULL,0,NULL

5785,NULL,NULL,NULL,NULL,NULL,NULL,NULL,0,NULL

5786,NULL,NULL,NULL,NULL,NULL,NULL,NULL,0,NULL

5787,NULL,NULL,NULL,NULL,NULL,NULL,NULL,0,NULL

5788,NULL,NULL,NULL,NULL,NULL,NULL,NULL,0,NULL

5789,NULL,NULL,NULL,NULL,NULL,NULL,NULL,0,NULL

5790,NULL,NULL,NULL,NULL,NULL,NULL,NULL,0,NULL

5791,NULL,NULL,NULL,NULL,NULL,NULL,NULL,0,NULL

5792,NULL,NULL,NULL,NULL,NULL,NULL,NULL,0,NULL

5793,NULL,NULL,NULL,NULL,NULL,NULL,NULL,0,NULL

5794,NULL,NULL,NULL,NULL,NULL,NULL,NULL,0,NULL

5795,NULL,NULL,NULL,NULL,NULL,NULL,NULL,0,NULL

5796,NULL,NULL,NULL,NULL,NULL,NULL,NULL,0,NULL

5797,NULL,NULL,NULL,NULL,NULL,NULL,NULL,0,NULL

5798,NULL,NULL,NULL,NULL,NULL,NULL,NULL,0,NULL

5799,NULL,NULL,NULL,NULL,NULL,NULL,NULL,0,NULL

5800,NULL,NULL,NULL,NULL,NULL,NULL,NULL,0,NULL

5801,NULL,NULL,NULL,NULL,NULL,NULL,NULL,0,NULL

5802,NULL,NULL,NULL,NULL,NULL,NULL,NULL,0,NULL

5803,NULL,NULL,NULL,NULL,NULL,NULL,NULL,0,NULL

5804,NULL,NULL,NULL,NULL,NULL,NULL,NULL,0,NULL

5805,NULL,NULL,NULL,NULL,NULL,NULL,NULL,0,NULL

5806,NULL,NULL,NULL,NULL,NULL,NULL,NULL,0,NULL

5807,NULL,NULL,NULL,NULL,NULL,NULL,NULL,0,NULL

5808,NULL,NULL,NULL,NULL,NULL,NULL,NULL,0,NULL

5809,NULL,NULL,NULL,NULL,NULL,NULL,NULL,0,NULL

5810,NULL,NULL,NULL,NULL,NULL,NULL,NULL,0,NULL

5812,NULL,NULL,NULL,NULL,NULL,NULL,NULL,0,NULL

5813,NULL,NULL,NULL,NULL,NULL,NULL,NULL,0,NULL

5814,NULL,NULL,NULL,NULL,NULL,NULL,NULL,0,NULL

5815,NULL,NULL,NULL,NULL,NULL,NULL,NULL,0,NULL

5816,NULL,NULL,NULL,NULL,NULL,NULL,NULL,0,NULL

5817,NULL,NULL,NULL,NULL,NULL,NULL,NULL,0,NULL

5818,NULL,NULL,NULL,NULL,NULL,NULL,NULL,0,NULL

5819,NULL,NULL,NULL,NULL,NULL,NULL,NULL,0,NULL

5820,NULL,NULL,NULL,NULL,NULL,NULL,NULL,0,NULL

5821,NULL,NULL,NULL,NULL,NULL,NULL,NULL,0,NULL

5822,NULL,NULL,NULL,NULL,NULL,NULL,NULL,0,NULL

5823,NULL,NULL,NULL,NULL,NULL,NULL,NULL,0,NULL

5824,NULL,NULL,NULL,NULL,NULL,NULL,NULL,0,NULL

5825,NULL,NULL,NULL,NULL,NULL,NULL,NULL,0,NULL

5826,NULL,NULL,NULL,NULL,NULL,NULL,NULL,0,NULL

5827,NULL,NULL,NULL,NULL,NULL,NULL,NULL,0,NULL

5828,NULL,NULL,NULL,NULL,NULL,NULL,NULL,0,NULL

5830,NULL,NULL,NULL,NULL,NULL,NULL,NULL,0,NULL

5831,NULL,NULL,NULL,NULL,NULL,NULL,NULL,0,NULL

5832,NULL,NULL,NULL,NULL,NULL,NULL,NULL,0,NULL

5833,NULL,NULL,NULL,NULL,NULL,NULL,NULL,0,NULL

5834,NULL,NULL,NULL,NULL,NULL,NULL,NULL,0,NULL

5835,NULL,NULL,NULL,NULL,NULL,NULL,NULL,0,NULL

5836,NULL,NULL,NULL,NULL,NULL,NULL,NULL,0,NULL

5837,NULL,NULL,NULL,NULL,NULL,NULL,NULL,0,NULL

5838,NULL,NULL,NULL,NULL,NULL,NULL,NULL,0,NULL

5840,NULL,NULL,NULL,NULL,NULL,NULL,NULL,0,NULL

5842,NULL,NULL,NULL,NULL,NULL,NULL,NULL,0,NULL

5844,NULL,NULL,NULL,NULL,NULL,NULL,NULL,0,NULL

5845,NULL,NULL,NULL,NULL,NULL,NULL,NULL,0,NULL

5846,NULL,NULL,NULL,NULL,NULL,NULL,NULL,0,NULL

5847,NULL,NULL,NULL,NULL,NULL,NULL,NULL,0,NULL

5848,NULL,NULL,NULL,NULL,NULL,NULL,NULL,0,NULL

5849,NULL,NULL,NULL,NULL,NULL,NULL,NULL,0,NULL

5850,NULL,NULL,NULL,NULL,NULL,NULL,NULL,0,NULL

5851,NULL,NULL,NULL,NULL,NULL,NULL,NULL,0,NULL

5852,NULL,NULL,NULL,NULL,NULL,NULL,NULL,0,NULL

5854,NULL,NULL,NULL,NULL,NULL,NULL,NULL,0,NULL

5855,NULL,NULL,NULL,NULL,NULL,NULL,NULL,0,NULL

5856,NULL,NULL,NULL,NULL,NULL,NULL,NULL,0,NULL

5857,NULL,NULL,NULL,NULL,NULL,NULL,NULL,0,NULL

5858,NULL,NULL,NULL,NULL,NULL,NULL,NULL,0,NULL

5859,NULL,NULL,NULL,NULL,NULL,NULL,NULL,0,NULL

5860,NULL,NULL,NULL,NULL,NULL,NULL,NULL,0,NULL

5861,NULL,NULL,NULL,NULL,NULL,NULL,NULL,0,NULL

5862,NULL,NULL,NULL,NULL,NULL,NULL,NULL,0,NULL

5863,NULL,NULL,NULL,NULL,NULL,NULL,NULL,0,NULL

5865,NULL,NULL,NULL,NULL,NULL,NULL,NULL,0,NULL

5866,NULL,NULL,NULL,NULL,NULL,NULL,NULL,0,NULL

5867,NULL,NULL,NULL,NULL,NULL,NULL,NULL,0,NULL

5868,NULL,NULL,NULL,NULL,NULL,NULL,NULL,0,NULL

5869,NULL,NULL,NULL,NULL,NULL,NULL,NULL,0,NULL

5870,NULL,NULL,NULL,NULL,NULL,NULL,NULL,0,NULL

5871,NULL,NULL,NULL,NULL,NULL,NULL,NULL,0,NULL

5872,NULL,NULL,NULL,NULL,NULL,NULL,NULL,0,NULL

5873,NULL,NULL,NULL,NULL,NULL,NULL,NULL,0,NULL

5874,NULL,NULL,NULL,NULL,NULL,NULL,NULL,0,NULL

5875,NULL,NULL,NULL,NULL,NULL,NULL,NULL,0,NULL

5876,NULL,NULL,NULL,NULL,NULL,NULL,NULL,0,NULL

5877,NULL,NULL,NULL,NULL,NULL,NULL,NULL,0,NULL

5878,NULL,NULL,NULL,NULL,NULL,NULL,NULL,0,NULL

5879,NULL,NULL,NULL,NULL,NULL,NULL,NULL,0,NULL

5880,NULL,NULL,NULL,NULL,NULL,NULL,NULL,0,NULL

5881,NULL,NULL,NULL,NULL,NULL,NULL,NULL,0,NULL

5882,NULL,NULL,NULL,NULL,NULL,NULL,NULL,0,NULL

5883,NULL,NULL,NULL,NULL,NULL,NULL,NULL,0,NULL

5884,NULL,NULL,NULL,NULL,NULL,NULL,NULL,0,NULL

5885,NULL,NULL,NULL,NULL,NULL,NULL,NULL,0,NULL

5886,NULL,NULL,NULL,NULL,NULL,NULL,NULL,0,NULL

5887,NULL,NULL,NULL,NULL,NULL,NULL,NULL,0,NULL

5888,NULL,NULL,NULL,NULL,NULL,NULL,NULL,0,NULL

5889,NULL,NULL,NULL,NULL,NULL,NULL,NULL,0,NULL

5890,NULL,NULL,NULL,NULL,NULL,NULL,NULL,0,NULL

5891,NULL,NULL,NULL,NULL,NULL,NULL,NULL,0,NULL

5892,NULL,NULL,NULL,NULL,NULL,NULL,NULL,0,NULL

5893,NULL,NULL,NULL,NULL,NULL,NULL,NULL,0,NULL

5894,NULL,NULL,NULL,NULL,NULL,NULL,NULL,0,NULL

5895,NULL,NULL,NULL,NULL,NULL,NULL,NULL,0,NULL

5896,NULL,NULL,NULL,NULL,NULL,NULL,NULL,0,NULL

5897,NULL,NULL,NULL,NULL,NULL,NULL,NULL,0,NULL

5898,NULL,NULL,NULL,NULL,NULL,NULL,NULL,0,NULL

5899,NULL,NULL,NULL,NULL,NULL,NULL,NULL,0,NULL

5900,NULL,NULL,NULL,NULL,NULL,NULL,NULL,0,NULL

5901,NULL,NULL,NULL,NULL,NULL,NULL,NULL,0,NULL

5902,NULL,NULL,NULL,NULL,NULL,NULL,NULL,0,NULL

5903,NULL,NULL,NULL,NULL,NULL,NULL,NULL,0,NULL

5904,NULL,NULL,NULL,NULL,NULL,NULL,NULL,0,NULL

5905,NULL,NULL,NULL,NULL,NULL,NULL,NULL,0,NULL

5906,NULL,NULL,NULL,NULL,NULL,NULL,NULL,0,NULL

5907,NULL,NULL,NULL,NULL,NULL,NULL,NULL,0,NULL

5908,NULL,NULL,NULL,NULL,NULL,NULL,NULL,0,NULL

5909,NULL,NULL,NULL,NULL,NULL,NULL,NULL,0,NULL

5910,NULL,NULL,NULL,NULL,NULL,NULL,NULL,0,NULL

5911,NULL,NULL,NULL,NULL,NULL,NULL,NULL,0,NULL

5912,NULL,NULL,NULL,NULL,NULL,NULL,NULL,0,NULL

5913,NULL,NULL,NULL,NULL,NULL,NULL,NULL,0,NULL

5914,NULL,NULL,NULL,NULL,NULL,NULL,NULL,0,NULL

5915,NULL,NULL,NULL,NULL,NULL,NULL,NULL,0,NULL

5916,10000,NULL,NULL,0,NULL,NULL,'kg',0,NULL

5917,NULL,NULL,NULL,NULL,NULL,NULL,NULL,0,NULL

5918,NULL,NULL,NULL,NULL,NULL,NULL,NULL,0,NULL

5919,NULL,NULL,NULL,NULL,NULL,NULL,NULL,0,NULL

5920,NULL,NULL,NULL,NULL,NULL,NULL,NULL,0,NULL

5921,NULL,NULL,NULL,NULL,NULL,NULL,NULL,0,NULL

5922,NULL,NULL,NULL,NULL,NULL,NULL,NULL,0,NULL

5923,NULL,NULL,NULL,NULL,NULL,NULL,NULL,0,NULL

5924,NULL,NULL,NULL,NULL,NULL,NULL,NULL,0,NULL

5925,NULL,NULL,NULL,NULL,NULL,NULL,NULL,0,NULL

5926,NULL,NULL,NULL,NULL,NULL,NULL,NULL,0,NULL

5927,NULL,NULL,NULL,NULL,NULL,NULL,NULL,0,NULL

5928,NULL,NULL,NULL,NULL,NULL,NULL,NULL,0,NULL

5929,NULL,NULL,NULL,NULL,NULL,NULL,NULL,0,NULL

5930,NULL,NULL,NULL,NULL,NULL,NULL,NULL,0,NULL

5931,NULL,NULL,NULL,NULL,NULL,NULL,NULL,0,NULL

5932,NULL,NULL,NULL,NULL,NULL,NULL,NULL,0,NULL

5933,NULL,NULL,NULL,NULL,NULL,NULL,NULL,0,NULL

5934,NULL,NULL,NULL,NULL,NULL,NULL,NULL,0,NULL

5935,NULL,NULL,NULL,NULL,NULL,NULL,NULL,0,NULL

5936,NULL,NULL,NULL,NULL,NULL,NULL,NULL,0,NULL

5937,NULL,NULL,NULL,NULL,NULL,NULL,NULL,0,NULL

5938,NULL,NULL,NULL,NULL,NULL,NULL,NULL,0,NULL

5939,NULL,NULL,NULL,NULL,NULL,NULL,NULL,0,NULL

5940,NULL,NULL,NULL,NULL,NULL,NULL,NULL,0,NULL

5941,NULL,NULL,NULL,NULL,NULL,NULL,NULL,0,NULL

5942,NULL,NULL,NULL,NULL,NULL,NULL,NULL,0,NULL

5943,NULL,NULL,NULL,NULL,NULL,NULL,NULL,0,NULL

5944,NULL,NULL,NULL,NULL,NULL,NULL,NULL,0,NULL

5946,NULL,NULL,NULL,NULL,NULL,NULL,NULL,0,NULL

5966,NULL,NULL,NULL,NULL,NULL,NULL,NULL,0,NULL

5968,NULL,NULL,NULL,NULL,NULL,NULL,NULL,0,NULL

5977,NULL,NULL,NULL,NULL,NULL,NULL,NULL,0,NULL

5982,NULL,NULL,NULL,NULL,NULL,NULL,NULL,0,NULL

5985,NULL,NULL,NULL,NULL,NULL,NULL,NULL,0,NULL

5992,NULL,NULL,NULL,NULL,NULL,NULL,'months',0,NULL

6009,NULL,NULL,NULL,NULL,NULL,NULL,NULL,0,NULL

6010,NULL,NULL,NULL,NULL,NULL,NULL,NULL,0,NULL

6026,NULL,NULL,NULL,NULL,NULL,NULL,NULL,0,NULL

6027,NULL,NULL,NULL,NULL,NULL,NULL,NULL,0,NULL

6038,NULL,NULL,NULL,NULL,NULL,NULL,NULL,0,NULL

6040,NULL,NULL,NULL,NULL,NULL,NULL,NULL,0,NULL

6041,NULL,NULL,NULL,NULL,NULL,NULL,NULL,0,NULL

6043,NULL,NULL,NULL,NULL,NULL,NULL,NULL,0,NULL

6044,NULL,NULL,NULL,NULL,NULL,NULL,NULL,0,NULL

6045,NULL,NULL,NULL,NULL,NULL,NULL,NULL,0,NULL

6047,NULL,NULL,NULL,NULL,NULL,NULL,NULL,0,NULL

6051,NULL,NULL,NULL,NULL,NULL,NULL,NULL,0,NULL

6053,NULL,NULL,NULL,NULL,NULL,NULL,'',0,NULL

6054,NULL,NULL,NULL,NULL,NULL,NULL,NULL,0,NULL

6055,NULL,NULL,NULL,NULL,NULL,NULL,NULL,0,NULL

6056,NULL,NULL,NULL,NULL,NULL,NULL,NULL,0,NULL

6057,NULL,NULL,NULL,NULL,NULL,NULL,NULL,0,NULL

6058,NULL,NULL,NULL,NULL,NULL,NULL,NULL,0,NULL

6059,NULL,NULL,NULL,NULL,NULL,NULL,NULL,0,NULL

6060,NULL,NULL,NULL,NULL,NULL,NULL,NULL,0,NULL

6062,NULL,NULL,NULL,NULL,NULL,NULL,NULL,0,NULL

6063,NULL,NULL,NULL,NULL,NULL,NULL,NULL,0,NULL

6064,NULL,NULL,NULL,NULL,NULL,NULL,NULL,0,NULL

6066,NULL,NULL,NULL,NULL,NULL,NULL,NULL,0,NULL

6067,NULL,NULL,NULL,NULL,NULL,NULL,NULL,0,NULL

6068,NULL,NULL,NULL,NULL,NULL,NULL,NULL,0,NULL

6069,NULL,NULL,NULL,NULL,NULL,NULL,NULL,0,NULL

6070,NULL,NULL,NULL,NULL,NULL,NULL,NULL,0,NULL

6071,NULL,NULL,NULL,NULL,NULL,NULL,NULL,0,NULL

6072,NULL,NULL,NULL,NULL,NULL,NULL,NULL,0,NULL

6073,NULL,NULL,NULL,NULL,NULL,NULL,NULL,0,NULL

6074,NULL,NULL,NULL,NULL,NULL,NULL,NULL,0,NULL

6075,NULL,NULL,NULL,NULL,NULL,NULL,NULL,0,NULL

6076,NULL,NULL,NULL,NULL,NULL,NULL,NULL,0,NULL

6078,NULL,NULL,NULL,NULL,NULL,NULL,NULL,0,NULL

6079,NULL,NULL,NULL,NULL,NULL,NULL,NULL,0,NULL

6080,NULL,NULL,NULL,NULL,NULL,NULL,NULL,0,NULL

6081,NULL,NULL,NULL,NULL,NULL,NULL,NULL,0,NULL

6082,NULL,NULL,NULL,NULL,NULL,NULL,NULL,0,NULL

6083,NULL,NULL,NULL,NULL,NULL,NULL,NULL,0,NULL

6084,NULL,NULL,NULL,NULL,NULL,NULL,NULL,0,NULL

6085,NULL,NULL,NULL,NULL,NULL,NULL,NULL,0,NULL

6086,NULL,NULL,NULL,NULL,NULL,NULL,NULL,0,NULL

6087,NULL,NULL,NULL,NULL,NULL,NULL,NULL,0,NULL

6088,NULL,NULL,NULL,NULL,NULL,NULL,NULL,0,NULL

6089,NULL,NULL,NULL,NULL,NULL,NULL,NULL,0,NULL

6090,NULL,NULL,NULL,NULL,NULL,NULL,NULL,0,NULL

6091,NULL,NULL,NULL,NULL,NULL,NULL,NULL,0,NULL

6092,NULL,NULL,NULL,NULL,NULL,NULL,'',1,NULL

6093,NULL,NULL,NULL,NULL,NULL,NULL,NULL,0,NULL

6094,NULL,NULL,NULL,NULL,NULL,NULL,NULL,0,NULL